first_name,last_name,email,Phone Number,Address,City,State,Zip Code,Date Of Birth,Gender
Julianne,End,jend0@sciencedaily.com,582 858 0038,37449 Dryden Center,Ar Rass,,,12/12/2019,Female
Jaimie,Whissell,jwhissell1@ow.ly,760 964 6040,2771 Fuller Avenue,Skövde,Västra Götaland,541 70,29/05/2021,Male
Avram,Linstead,alinstead2@skype.com,752 784 2284,1641 Menomonie Plaza,Banjarjo,,,04/10/2022,Male
Gianna,McConigal,gmcconigal3@foxnews.com,313 566 1279,923 Moulton Point,Paris 10,Île-de-France,75485 CEDEX 10,17/08/2022,Female
Kort,Bellee,kbellee4@ebay.co.uk,801 315 1971,9357 Lukken Street,Badai,,,03/08/2022,Male
Kristo,Gilkison,kgilkison5@1688.com,318 591 7982,54709 Portage Way,Draginje,,,09/11/2021,Male
Janenna,Ibbitson,jibbitson6@mozilla.org,614 607 0782,78 Warrior Plaza,Columbus,Ohio,43215,18/03/2020,Female
Sam,Maureen,smaureen7@aol.com,853 691 0864,58 Emmet Park,Jammā‘īn,,,23/02/2023,Male
Bondon,Node,bnode8@comsenz.com,987 237 8014,1685 International Place,Altona,Manitoba,K1W,22/01/2023,Male
Hershel,Colerick,hcolerick9@indiegogo.com,820 695 6603,41 Oakridge Drive,Chemal,,649240,30/11/2019,Male
Marietta,Woodhead,mwoodheada@usatoday.com,901 311 7757,21834 Killdeer Court,Huangtugang,,,26/08/2020,Female
Sherlock,Youson,syousonb@vinaora.com,153 800 2129,75762 Twin Pines Park,Piskavica,,,28/01/2019,Male
Galvan,Temprell,gtemprellc@dmoz.org,152 624 6752,87664 Granby Road,Vihāri,,26301,20/09/2022,Male
Sylas,Huckin,shuckind@intel.com,793 470 8261,3 Killdeer Place,Glencoe,,2930,02/12/2020,Male
Leelah,Leming,lleminge@bravesites.com,388 305 2686,5374 Lien Drive,Shipaidong,,,13/10/2019,Female
Delcina,Doul,ddoulf@vk.com,263 957 7048,9 Westend Street,Songea,,,26/03/2021,Female
Yorke,Tryhorn,ytryhorng@tumblr.com,514 642 1429,1742 Atwood Street,Stepnica,,72-112,19/05/2023,Male
Shandeigh,Dyte,sdyteh@angelfire.com,172 861 2995,35668 Sunnyside Avenue,"Laikit, Laikit II (Dimembe)",,,15/08/2019,Female
Marty,Duffer,mdufferi@nasa.gov,404 748 9006,86 Green Ridge Street,Atlanta,Georgia,30343,21/04/2022,Male
Glenn,Wikey,gwikeyj@shop-pro.jp,215 631 7413,8211 Elmside Drive,Mityana,,,25/02/2022,Female
Maddy,Hallaways,mhallawaysk@mac.com,513 332 9754,77393 Oak Valley Trail,Xilong,,,26/04/2022,Male
Dave,Somerbell,dsomerbelll@unicef.org,529 199 2464,4 4th Court,Paris 05,Île-de-France,75235 CEDEX 05,27/11/2020,Male
Billie,Crabb,bcrabbm@amazon.com,309 717 3040,444 Mendota Street,Quma,,,25/07/2023,Male
Augustus,Vasiliev,avasilievn@bing.com,466 429 3672,960 Hanover Hill,Xinhua,,,01/06/2019,Male
Josephine,Farrey,jfarreyo@mlb.com,768 557 3578,351 Messerschmidt Street,Belén de Umbría,,664048,15/06/2021,Female
Shay,McMoyer,smcmoyerp@163.com,203 753 8030,2089 Crest Line Road,Şanā’,,,28/01/2023,Male
Alix,Vennart,avennartq@de.vu,209 138 2415,33 Eagan Park,Stockton,California,95205,28/09/2020,Female
Nicholas,Barnson,nbarnsonr@ustream.tv,477 520 1466,991 Donald Place,Tafeng,,,09/02/2024,Male
Kelbee,Diemer,kdiemers@sun.com,791 172 5228,7 Butterfield Court,Dzüünkharaa,,,06/09/2018,Male
Blondy,Castle,bcastlet@sciencedaily.com,605 607 8360,8 Park Meadow Road,Cisownica,,43-450,19/06/2022,Female
Rikki,Bernardeschi,rbernardeschiu@nature.com,124 136 1912,06 Clemons Point,Paccho,,,01/07/2023,Male
Lanie,Langcaster,llangcasterv@surveymonkey.com,133 321 3658,0059 Tomscot Parkway,Nakhon Phanom,,48000,21/05/2023,Female
Caron,Yoakley,cyoakleyw@eventbrite.com,717 578 1051,94528 Pierstorff Court,Zhili,,,22/07/2024,Female
Maddy,Houlahan,mhoulahanx@thetimes.co.uk,278 366 5462,1597 Hanson Point,Ciomas,,,21/09/2018,Male
Tallou,O'Neil,toneily@europa.eu,405 752 5277,3648 Kedzie Park,Koktokay,,,21/04/2020,Female
Tulley,Stubbins,tstubbinsz@amazon.co.uk,612 325 9456,51506 Logan Court,Zengtian,,,18/06/2024,Male
Channa,Crowch,ccrowch10@bloomberg.com,756 532 1104,2140 Ohio Point,Aqsay,,,29/10/2018,Female
Hunfredo,Goomes,hgoomes11@yandex.ru,582 886 0101,848 Ludington Park,Xinmin,,,15/02/2020,Male
Gannon,Faircley,gfaircley12@google.co.uk,467 314 2519,65309 Dorton Crossing,Guaraciaba do Norte,,62380-000,08/12/2021,Male
Doyle,Autin,dautin13@ning.com,262 886 7969,2 Caliangt Hill,Dongfu,,,16/01/2022,Male
Bil,Glabach,bglabach14@histats.com,236 979 5195,1 Elgar Point,Ebene,,,04/08/2023,Male
Marlie,Addinall,maddinall15@cnn.com,305 940 8294,36809 Burning Wood Trail,Nonohonis,,,06/01/2019,Female
Janelle,Tersay,jtersay16@springer.com,729 319 1921,767 Northwestern Circle,Tambakromo,,,28/12/2018,Female
Lewes,Astin,lastin17@t.co,896 479 8260,1885 Rowland Park,Pajić Polje,,,19/01/2019,Male
Stace,Dahle,sdahle18@businesswire.com,115 113 0734,0 Reindahl Alley,Valdemarsvik,Östergötland,615 95,15/04/2021,Female
Errick,Ielden,eielden19@geocities.jp,256 152 1976,61352 Buhler Crossing,Fengxi,,,11/06/2019,Male
Matt,Poff,mpoff1a@amazon.co.jp,967 677 5175,552 Karstens Center,Lyon,Rhône-Alpes,69245 CEDEX 05,23/10/2022,Male
Maureen,Durbann,mdurbann1b@unicef.org,385 692 6200,54 Westport Park,Salinas,,39560-000,18/04/2020,Female
Fayth,Vonasek,fvonasek1c@t-online.de,717 980 5870,34 Bultman Junction,Serang,,,19/12/2023,Female
Barnaby,Muggeridge,bmuggeridge1d@google.fr,877 842 3322,8 Grayhawk Court,Ikata-chō,,796-8008,05/01/2019,Male
Libbey,Cirlos,lcirlos1e@spiegel.de,615 343 5744,507 Shoshone Pass,Wahai,,,15/04/2019,Female
Flss,Waskett,fwaskett1f@ustream.tv,983 494 1904,0262 Dorton Court,San Miguel,,8301,16/10/2024,Female
Price,Pietersen,ppietersen1g@theguardian.com,260 785 9955,75 Everett Circle,Chutove,,,31/03/2021,Male
Hyacinthe,Lamlin,hlamlin1h@tripadvisor.com,287 618 0760,66882 Reinke Circle,Lomma,Skåne,234 27,08/03/2022,Female
Arne,Francioli,afrancioli1i@washington.edu,375 515 3430,419 Bluestem Point,Machakos,,,04/11/2019,Male
Liam,Magarrell,lmagarrell1j@mysql.com,483 879 7790,239 Kennedy Street,Bulualto,,2307,17/12/2024,Male
Emylee,Shackesby,eshackesby1k@parallels.com,465 346 8186,46687 Bellgrove Plaza,Panorama,,17980-000,19/01/2023,Female
Shelden,Friedenbach,sfriedenbach1l@si.edu,627 322 7993,6 Autumn Leaf Crossing,Kafr Baţnā,,,09/01/2025,Male
Dorry,Hewins,dhewins1m@nytimes.com,776 461 0476,619 Almo Center,Pasar,,,28/03/2023,Female
Jeremiah,MacMenamin,jmacmenamin1n@columbia.edu,408 582 0928,8242 Hanover Drive,San Jose,California,95138,16/11/2024,Male
Nadia,Fernez,nfernez1o@skyrock.com,467 752 7272,972 Lunder Junction,San Casimiro,,,26/11/2020,Female
Jeremie,Buske,jbuske1p@msu.edu,323 601 7158,36 Bowman Trail,Santiago de Cuba,,,30/05/2021,Male
Devora,Gaymer,dgaymer1q@nba.com,853 845 9917,7178 Boyd Place,Gasa,,,20/10/2020,Female
Frants,Bloodworthe,fbloodworthe1r@zimbio.com,209 863 8149,04 Merchant Terrace,Jinja,,,03/11/2022,Male
Rance,Joanic,rjoanic1s@slideshare.net,724 847 8566,0 Dottie Point,Krasne,,,14/02/2020,Male
Tris,Fayre,tfayre1t@nytimes.com,449 768 6866,6831 Transport Way,Vladislav,,675 01,15/11/2023,Male
Steffi,Wayt,swayt1u@odnoklassniki.ru,903 145 9200,6060 Lawn Road,Tatou,,,09/05/2024,Female
Kimberlee,Agutter,kagutter1v@comsenz.com,579 705 7545,4018 Roxbury Park,Nangka,,1808,13/11/2018,Female
Fran,Allderidge,fallderidge1w@sbwire.com,297 825 2407,0 Ronald Regan Point,Petaẖ Tiqwa,,,10/09/2022,Female
Valentijn,Henzley,vhenzley1x@sun.com,803 704 2750,0 Blaine Alley,Veternik,,,16/05/2020,Male
Kania,Gherarducci,kgherarducci1y@smh.com.au,634 376 5141,23 Sunfield Avenue,Cauayan,,6112,14/07/2020,Female
Court,Haylock,chaylock1z@bloglovin.com,126 419 2513,88516 Sauthoff Park,Selizharovo,,433913,19/07/2024,Male
Bren,Morilla,bmorilla20@vk.com,568 883 6714,0108 Springview Junction,Lyozna,,,05/03/2019,Female
Fifi,Trembey,ftrembey21@sciencedirect.com,982 484 3187,4 Troy Parkway,Belozërskoye,,641360,25/09/2024,Female
Ronny,Sancho,rsancho22@ifeng.com,707 173 2373,148 Sugar Street,Abakan,,655131,11/07/2021,Female
Cybill,Bushel,cbushel23@artisteer.com,377 360 5180,992 Moland Avenue,São Pedro do Estoril,Lisboa,2765-343,24/07/2022,Female
Fredrika,Melan,fmelan24@independent.co.uk,441 966 6667,03834 Pennsylvania Street,Santa Fe,Nuevo Leon,64540,05/07/2021,Female
Celinda,Kuhnert,ckuhnert25@squarespace.com,438 540 3748,3916 Maple Wood Center,Blackfalds,Alberta,J5K,04/05/2021,Female
Nisse,Revan,nrevan26@si.edu,251 206 5219,1 Esker Terrace,Yuewan,,,07/03/2024,Female
Halimeda,Whisby,hwhisby27@spotify.com,456 741 2313,07496 Kipling Place,Morfovoúni,,,10/05/2024,Female
Gearard,Marsy,gmarsy28@feedburner.com,650 912 4436,65 Golden Leaf Lane,Punta Gorda,,,08/10/2020,Male
Mackenzie,Skippon,mskippon29@kickstarter.com,638 537 1978,9 Armistice Crossing,Pouso Alegre,,37550-000,09/11/2021,Male
Corbie,Foulkes,cfoulkes2a@ihg.com,105 573 0582,501 Vera Way,Sabanitas,,,13/09/2021,Male
Darrell,Lepope,dlepope2b@sfgate.com,188 870 3292,5 Thompson Point,Saint-Claude,Franche-Comté,39209 CEDEX,28/11/2023,Male
Noellyn,Seary,nseary2c@accuweather.com,811 876 5876,037 Carey Center,Bertelhe,Viseu,3505-143,28/02/2022,Female
Rourke,Lawday,rlawday2d@moonfruit.com,758 655 3682,2 Park Meadow Drive,Burqah,,,09/05/2023,Male
Charlean,Illston,cillston2e@npr.org,929 722 1987,57081 Stephen Street,Cervantes,,2718,26/06/2021,Female
Malvina,Penwright,mpenwright2f@tiny.cc,226 545 4433,503 Texas Way,Kanigorokrajan,,,23/09/2022,Female
Dionisio,Wigsell,dwigsell2g@eepurl.com,218 468 8423,35751 6th Lane,Desa Margaluyu,,,08/12/2023,Male
Audrie,Alsina,aalsina2h@discuz.net,204 362 5644,4 Kedzie Park,Tiflet,,,21/06/2018,Female
Rudolfo,Tirone,rtirone2i@indiatimes.com,224 553 5567,7 Lyons Court,Korçë,,,25/07/2021,Male
Evangelia,Petrillo,epetrillo2j@github.com,470 307 8346,8 Comanche Street,San Justo,,3342,22/08/2022,Female
Angelika,Gaydon,agaydon2k@sciencedirect.com,815 204 3841,1821 Blue Bill Park Avenue,Esplanada,,48370-000,04/10/2022,Female
Jewell,Paschke,jpaschke2l@angelfire.com,895 957 8074,925 Brown Trail,Suphan Buri,,96120,15/12/2018,Female
Lucas,Abrahm,labrahm2m@ebay.co.uk,191 841 3719,0 Cambridge Lane,Pederneiras,,17280-000,27/11/2018,Male
Oliy,Wilcockes,owilcockes2n@soundcloud.com,820 125 7011,13054 Delaware Trail,Paoay,,2902,29/08/2019,Female
Vinny,McQuillan,vmcquillan2o@themeforest.net,128 869 6110,10234 Pepper Wood Junction,Huangjindong,,,15/10/2023,Male
Brand,Jacklings,bjacklings2p@ucla.edu,248 225 4743,3 Bonner Center,Bačka Palanka,,,25/03/2020,Male
Neddie,Zavattiero,nzavattiero2q@acquirethisname.com,986 192 5766,7 Grayhawk Crossing,Kamieniec Podolski,,,12/02/2020,Male
Penny,Fautley,pfautley2r@e-recht24.de,332 429 7668,7901 Stephen Point,Licun,,,13/06/2023,Female
